ImageID,Transcriptions
66 Bodleian-Library-MS-Barocci-127_00136_fol-66v,ὑπο τη συνευςδιξοεανδνυπορ ποοδυπρας
66 Bodleian-Library-MS-Barocci-127_00136_fol-66v,ἢ μητακχεφιλοχορ εύτα δυ μπρο πρενπεμε
66 Bodleian-Library-MS-Barocci-127_00136_fol-66v,συ σ κατεχισωμε ἐπιτελωτι
66 Bodleian-Library-MS-Barocci-127_00136_fol-66v,κ ἀπαὐτελετία τὸν δεὲ τὸν σανἀαλισκόν
66 Bodleian-Library-MS-Barocci-127_00136_fol-66v,κ τὸρακον και ξεύδὡς τα φήμής παιξτε εχηρευ
66 Bodleian-Library-MS-Barocci-127_00136_fol-66v,τακχεφιλοχορ ευτα συμπρο πρμπεμε
66 Bodleian-Library-MS-Barocci-127_00136_fol-66v,γὶ τραβλάκας κμειρακιση
66 Bodleian-Library-MS-Barocci-127_00136_fol-66v,γυαο δή κατεδθνς νλλς ὑπροσιτο
66 Bodleian-Library-MS-Barocci-127_00136_fol-66v,ὲ υμεσαι σρύχετωνο παραρραία ττιτοι προηυ
66 Bodleian-Library-MS-Barocci-127_00136_fol-66v,ιακχεφιλοχερευτα συμπεο πεμπεμε
66 Bodleian-Library-MS-Barocci-127_00136_fol-66v,εοδαειπι φιλακολουδος εμας
66 Bodleian-Library-MS-Barocci-127_00136_fol-66v,κμετ αυτῆς και ξνχωρευεν καλομυτς
66 Bodleian-Library-MS-Barocci-127_00136_fol-66v,κἀὼ ε προου βδδμος δη τε κοίντη σνα τα τρξης
66 Bodleian-Library-MS-Barocci-127_00136_fol-66v,ὸς επιετος ων ουκ φυς φρατορας
66 Bodleian-Library-MS-Barocci-127_00136_fol-66v,ο δεεδαμλίατ ἐν τοῖς ανων κροισι
66 Bodleian-Library-MS-Barocci-127_00136_fol-66v,κἀσιτα πρῴτα ξόκ ειμοχθηριτ
66 Bodleian-Library-MS-Barocci-127_00136_fol-66v,τν κλεισθεν ην δάκχω σνταις ταφαὶ πρωατα
66 Bodleian-Library-MS-Barocci-127_00136_fol-66v,τὶλλεινε ττοὐεπράτιειντας γναθους
66 Bodleian-Library-MS-Barocci-127_00136_fol-66v,καἀκόδετπτεισκεικύφις κακλα καντκρας
101 Bodleian-Library-MS-Barocci-127_00166_fol-69r.jpg,ὴρ ἀλλ ῶήσαι καρπεπρα τετιλμεν
101 Bodleian-Library-MS-Barocci-127_00166_fol-69r.jpg,ἀλλ εήσιθως οματειρσος ηδητα τεμμε
101 Bodleian-Library-MS-Barocci-127_00166_fol-69r.jpg,"εμελλαφαέρειν, χη τρἀπερεἐσηρετο"
101 Bodleian-Library-MS-Barocci-127_00166_fol-69r.jpg,θενν φρασον πρτισοταις ἀρχήστρι
101 Bodleian-Library-MS-Barocci-127_00166_fol-69r.jpg,ταιεενεκ τουπαις αὐτος ότεισερχομ
101 Bodleian-Library-MS-Barocci-127_00166_fol-69r.jpg,αὶπαις ἀκολουθεδεύρότάσκευηφ
101 Bodleian-Library-MS-Barocci-127_00166_fol-69r.jpg,πισγες ουτος χι που ου δηνποι
101 Bodleian-Library-MS-Barocci-127_00166_fol-69r.jpg,επησε παιζων τρακλεα σηεαςε
101 Bodleian-Library-MS-Barocci-127_00166_fol-69r.jpg,μοα φλυτρήσης ἔχωνω ξανθια
101 Bodleian-Library-MS-Barocci-127_00166_fol-69r.jpg,ἀλλραμένος παλινοισειςταστρωμλς
101 Bodleian-Library-MS-Barocci-127_00166_fol-69r.jpg,κἀντιδέστιν οὐ δη που μαφελεα ταιανοη
101 Bodleian-Library-MS-Barocci-127_00166_fol-69r.jpg,α δω και αὐτος διςοχτα χἀλλὴἐπο
101 Bodleian-Library-MS-Barocci-127_00166_fol-69r.jpg,καταθητοδξμλξαν ταυτερ μεντύρδι
101 Bodleian-Library-MS-Barocci-127_00166_fol-69r.jpg,τοῖς θεοῖσιν επιτρεπω δις ποιοις θεο
101 Bodleian-Library-MS-Barocci-127_00166_fol-69r.jpg,ώδὲ προς δοκήήσαι σκκἀνοητ ἐκεν
101 Bodleian-Library-MS-Barocci-127_00166_fol-69r.jpg,ὶδουλος ὢν κδνητος ἀλκμην ευ
101 Bodleian-Library-MS-Barocci-127_00166_fol-69r.jpg,ξανλμελει καί εχαὐτ ισυς γοτο πό
101 Bodleian-Library-MS-Barocci-127_00166_fol-69r.jpg,χου δεήθείης αειρεος ολοι
101 Bodleian-Library-MS-Barocci-127_00166_fol-69r.jpg,Ταὶ ταυταμι πρ ανδρος εστινουν εχον αφεν
102 Bodleian-Library-MS-Barocci-102_00166_fol-80r.jpg,"φυρα, καὶ τάξ μωτικαι τος ακτλίες"
102 Bodleian-Library-MS-Barocci-102_00166_fol-80r.jpg,ὲπαινε τὴν μενχρήησιμ ενωτιων εντη μνηστεια
102 Bodleian-Library-MS-Barocci-102_00166_fol-80r.jpg,τησρθεμεν και εδιδαχθημεν δμβολος τοῦ γαθά
102 Bodleian-Library-MS-Barocci-102_00166_fol-80r.jpg,μολειν αὐτη διδειγματα περι τῆς ἐν τοῖς νο
102 Bodleian-Library-MS-Barocci-102_00166_fol-80r.jpg,εκ τοις αληθείας ἐν τῷ οικω του ἀβρααμ γενο
102 Bodleian-Library-MS-Barocci-102_00166_fol-80r.jpg,μεν ηπαραδοθησεσθαι κατηγορουμενα δε αυ
102 Bodleian-Library-MS-Barocci-102_00166_fol-80r.jpg,τα πολλαχουκατειληφαμεν πρω το ύμεν εκ
102 Bodleian-Library-MS-Barocci-102_00166_fol-80r.jpg,του ὁ τε αναβαινεια εμευλλος εἰσμεθηλ προστα
102 Bodleian-Library-MS-Barocci-102_00166_fol-80r.jpg,λοκναι παρα του ιακωρτας γυναικας περι
102 Bodleian-Library-MS-Barocci-102_00166_fol-80r.jpg,ἐλεσθαι αυτα των θεοντῶν ἀλλοτριων ως εμ
102 Bodleian-Library-MS-Barocci-102_00166_fol-80r.jpg,ποδιουον τος εκ τῆς ἐιδωλολατροίας καιτ
102 Bodleian-Library-MS-Barocci-102_00166_fol-80r.jpg,των ἐνωτιων χρήσεως προς το ανελθετω ἐις
102 Bodleian-Library-MS-Barocci-102_00166_fol-80r.jpg,τοοικοήκύ κεθηλγαροιμυθυερηνευεται
102 Bodleian-Library-MS-Barocci-102_00166_fol-80r.jpg,επειτα εντηδοδωκατα στασίασθεις υπο του
102 Bodleian-Library-MS-Barocci-102_00166_fol-80r.jpg,λαουὁααρῶν ἐις τοποισαι ειδωλοη ς
102 Bodleian-Library-MS-Barocci-102_00166_fol-80r.jpg,όπι τηδειαν χην εισκατασκευην των απηγο
102 Bodleian-Library-MS-Barocci-102_00166_fol-80r.jpg,ρευμένῶν τα ενώτια εξελεξατο περιειλο
102 Bodleian-Library-MS-Barocci-102_00166_fol-80r.jpg,τὸ γὰρ πας ο λαος φησι τα ενωτια τα χρυσα
102 Bodleian-Library-MS-Barocci-102_00166_fol-80r.jpg,τα ἐν τοῖς ωσιν αυτων και ηνεγκαν προς ἀα
102 Bodleian-Library-MS-Barocci-102_00166_fol-80r.jpg,ρων καὶ ὅπλασαν αὐταμος χοηχων εὐτὸν ἀλλ
102 Bodleian-Library-MS-Barocci-102_00166_fol-80r.jpg,λακαιγεδεων εκτῶν σκύλωντων ισμαρχεητι
102 Bodleian-Library-MS-Barocci-102_00166_fol-80r.jpg,ψξωνλαυων τα ενωτια παρα του λαουεποιη
102 Bodleian-Library-MS-Barocci-102_00166_fol-80r.jpg,σεν αὐτα εισεφουι καὶ εστηεν αυτς ἐντη πολει
102 Bodleian-Library-MS-Barocci-102_00166_fol-80r.jpg,καὶ ὅξεπορνευσανπας ιἡλοπισω αυτοῦ ἐκεῖι
102 Bodleian-Library-MS-Barocci-102_00166_fol-80r.jpg,κεγενετοτωγεδων και τῷ οικῷ αυτοῦ εισσκανδολο
103 Bodleian-Library-MS-Barocci-66_00324_fol-157r.jpg,αταάτυσοιδέτου σν ὁλά τά σάφη
103 Bodleian-Library-MS-Barocci-66_00324_fol-157r.jpg,φῶν χυργξαω τεγτοῦ θρετατι ἐ
103 Bodleian-Library-MS-Barocci-66_00324_fol-157r.jpg,τα εραι κρει τα τυ ρτα ρα αγως
103 Bodleian-Library-MS-Barocci-66_00324_fol-157r.jpg,κατῦδει ν δουδεν ἐυτριξιξαςπω
103 Bodleian-Library-MS-Barocci-66_00324_fol-157r.jpg,φοῦ δίαι ποτιτλεσπυερια ξληη
103 Bodleian-Library-MS-Barocci-66_00324_fol-157r.jpg,ἀλλοῖσιτουτ᾽ πλειοσιμαγουτητηςν
103 Bodleian-Library-MS-Barocci-66_00324_fol-157r.jpg,ουκαρκααρ ἀφομιν οὐ διν ανλόν
103 Bodleian-Library-MS-Barocci-66_00324_fol-157r.jpg,τλγδει αε ρι αρ τατξαλη
103 Bodleian-Library-MS-Barocci-66_00324_fol-157r.jpg,χωρ ειν εσω πρῷα προο μυπανφο ο
104 Bodleian-Library-MS-Barocci-31_00320_fol-157r.jpg,των γταρτοι συ των εστιν ηε
104 Bodleian-Library-MS-Barocci-31_00320_fol-157r.jpg,σιλεια τοῦθω αμη λεγω
104 Bodleian-Library-MS-Barocci-31_00320_fol-157r.jpg,ώμιν ος εαν μηδεξη ταιτῆ
104 Bodleian-Library-MS-Barocci-31_00320_fol-157r.jpg,βασιλειαν του θυως παι
104 Bodleian-Library-MS-Barocci-31_00320_fol-157r.jpg,διον οὐ μηειαελθη εις αὐτ
104 Bodleian-Library-MS-Barocci-31_00320_fol-157r.jpg,καιεν εγκ ἀλισα μενος αὐτα
104 Bodleian-Library-MS-Barocci-31_00320_fol-157r.jpg,τιθεις τας χειρας επαυτα
104 Bodleian-Library-MS-Barocci-31_00320_fol-157r.jpg,"ρ υὐλόγειαυτα, καὶ εκ πορεῦ"
104 Bodleian-Library-MS-Barocci-31_00320_fol-157r.jpg,όμεν ου αὐτοῦ εἰς όδον πρ
104 Bodleian-Library-MS-Barocci-31_00320_fol-157r.jpg,δρα μων εις καὶ τονυπετηκ
104 Bodleian-Library-MS-Barocci-31_00320_fol-157r.jpg,οσας αυτὸν επηρωτα αυτόν
104 Bodleian-Library-MS-Barocci-31_00320_fol-157r.jpg,ραδιδασκαλε αγαθετι ποι
104 Bodleian-Library-MS-Barocci-31_00320_fol-157r.jpg,ησυω ἵνα ζω ην αὐωνισν κλεη
104 Bodleian-Library-MS-Barocci-31_00320_fol-157r.jpg,ενομησυω οδε ις ειπεν
104 Bodleian-Library-MS-Barocci-31_00320_fol-157r.jpg,αὐτῷ τιμελεγεις αγαθόν
104 Bodleian-Library-MS-Barocci-31_00320_fol-157r.jpg,ουδεις αγαθος εἐιμηςἰς όθς
104 Bodleian-Library-MS-Barocci-31_00320_fol-157r.jpg,τας ε τολας οιδας μημοι
104 Bodleian-Library-MS-Barocci-31_00320_fol-157r.jpg,χευσης μήφον εσης μηκ
104 Bodleian-Library-MS-Barocci-31_00320_fol-157r.jpg,ψης μη ῦδομαρτυρ αυ
104 Bodleian-Library-MS-Barocci-31_00320_fol-157r.jpg,λυαποστερ ήσηξωδεικατόμ
105 Bodleian-Library-MS-Barocci-59_00085_fol-47v.jpg,φοιν ταῶν χεροιν χκλαφω σιν α
105 Bodleian-Library-MS-Barocci-59_00085_fol-47v.jpg,γνωσιανι Ὁιμον ὶ ταρη
105 Bodleian-Library-MS-Barocci-59_00085_fol-47v.jpg,ω τῆς ντίας γραφης παρα κλθημην
105 Bodleian-Library-MS-Barocci-59_00085_fol-47v.jpg,ι τή σω ματκη τοῦ νομουλατρεί
105 Bodleian-Library-MS-Barocci-59_00085_fol-47v.jpg,δές μον τεστῆς υχης αξιων
105 Bodleian-Library-MS-Barocci-59_00085_fol-47v.jpg,ψκε κτῶς ποι ουσιν εαὐτοις σἀλρ κα
105 Bodleian-Library-MS-Barocci-59_00085_fol-47v.jpg,τὸν λαος αλογων κἔνῶν ουσίαιςξ
105 Bodleian-Library-MS-Barocci-59_00085_fol-47v.jpg,λυαρε στεισαίνομνη όντες τὸν δν
105 Bodleian-Library-MS-Barocci-59_00085_fol-47v.jpg,σις πολυτο σω μαπεφρονεη στα
105 Bodleian-Library-MS-Barocci-59_00085_fol-47v.jpg,"οις ἐκ τος καραρσιοις, τῆς δὲχ"
105 Bodleian-Library-MS-Barocci-59_00085_fol-47v.jpg,χῆς παρμέλητ ῳ καλλος ταν
105 Bodleian-Library-MS-Barocci-59_00085_fol-47v.jpg,τῶν πας κηλίσιστιόμενὑπερηε
105 Bodleian-Library-MS-Barocci-59_00085_fol-47v.jpg,ἢ πάλητωνοωμεη προφεφληται
105 Bodleian-Library-MS-Barocci-59_00085_fol-47v.jpg,"δυναμις, καὶ πς λοθεις νομος ἐη"
105 Bodleian-Library-MS-Barocci-59_00085_fol-47v.jpg,δεδοα ἑτρτ ντις πτωσιν κ ανα
105 Bodleian-Library-MS-Barocci-59_00085_fol-47v.jpg,στασιν πολλεν τωνηλς κ ειθιταν
105 Bodleian-Library-MS-Barocci-59_00085_fol-47v.jpg,κνλέγει ζὉ ενατελιον. οὐ κ δνσκο
105 Bodleian-Library-MS-Barocci-59_00085_fol-47v.jpg,πησώμε μη πως εις πτ σινμενν
105 Bodleian-Library-MS-Barocci-59_00085_fol-47v.jpg,τὲ πρμον ην τὴν αν θησιν τὴν σρ
105 Bodleian-Library-MS-Barocci-59_00085_fol-47v.jpg,μενηθεωροῦν τῶν κτεισιν καὶ τῶν μο
105 Bodleian-Library-MS-Barocci-59_00085_fol-47v.jpg,νω τῷ ραυτως τον χουντων της α
106 Bodleian-Library-MS-Barocci-132_00248_fol-118r.jpg,αὐδὲ τῶν ἀνῶν επικουριαι σουμην εὐόντος ματαιοι διοεικότως ἐ
106 Bodleian-Library-MS-Barocci-132_00248_fol-118r.jpg,πηγεγεν. δἢ τῷ θωτοιηςόμεηιναμιν καὶ τος εξον αερ
106 Bodleian-Library-MS-Barocci-132_00248_fol-118r.jpg,νωρ εὶ τοῖ θλιροητας ἡμας. ε τὴν αυτοῦ φησιν επικαλεσόμεθα
106 Bodleian-Library-MS-Barocci-132_00248_fol-118r.jpg,προνοιαν εὐτῆ αυτοῦ δυναμειθάρρήσωμεν αὐτῆσαράρκείμον ηλύσαι
106 Bodleian-Library-MS-Barocci-132_00248_fol-118r.jpg,ταχάλεπα κ τῶν πολεμουντων ἡμιν και ταλύσαι τὴν δνα στείαντ
106 Bodleian-Library-MS-Barocci-132_00248_fol-118r.jpg,εις τὸ τελος ἐίύὑμένοις τῷ δαότ
106 Bodleian-Library-MS-Barocci-132_00248_fol-118r.jpg,πωτελεὶ του προτεταμενουταλου ἀκολουθει ηυ τοῦ δὲ τοῦταλμε
106 Bodleian-Library-MS-Barocci-132_00248_fol-118r.jpg,τὸ προοιμιον· εἶρηκῶς γὰρ εντω θω ποιήσοου γας οήμεν δυναμιν
106 Bodleian-Library-MS-Barocci-132_00248_fol-118r.jpg,καὶ αὐτὸς ἐλ ου δενωσει τοὺς θλικοντας η δεξυκμωωμας διδας
106 Bodleian-Library-MS-Barocci-132_00248_fol-118r.jpg,κειτον ἐντήαιχμαλωσία λαον· ὁποιαν εοὐδτ εαὑπροσηκεἰὶ προ
106 Bodleian-Library-MS-Barocci-132_00248_fol-118r.jpg,ἐνεγκειν τῶθῷ προς ευχην διεακονεοδευ όθε τῆρ αεης ε
106 Bodleian-Library-MS-Barocci-132_00248_fol-118r.jpg,εμόντιροχες τητηρος εξχήμους ε κώξαι μου φήσιν την
106 Bodleian-Library-MS-Barocci-132_00248_fol-118r.jpg,"ζκετείαν ώδέσποτα, καὶ ευμενῶς ἀκουσον τῶν τῆς προς εὐυχης"
106 Bodleian-Library-MS-Barocci-132_00248_fol-118r.jpg,μουθηματῶν ειτα διδάσκεῖ τιν εοι ευχόμενοις τςι
106 Bodleian-Library-MS-Barocci-132_00248_fol-118r.jpg,έτο τω νερα τῷη τῆς γής γερος ςεἐκεκραξα πειδὴ γάρπο
106 Bodleian-Library-MS-Barocci-132_00248_fol-118r.jpg,λλοις στα δμοις ἡβα βωλῶν τῆς παλαιστίν ης ἀφεστηκεν τας εσ
106 Bodleian-Library-MS-Barocci-132_00248_fol-118r.jpg,τίας ὑπελαμμανοντῆς οικουμενης οἶκεῖν· οι εξανδρα πο
106 Bodleian-Library-MS-Barocci-132_00248_fol-118r.jpg,"δις θεντες, και κεῖν ην ην αγκας μενοι την χην οικεῖντ"
106 Bodleian-Library-MS-Barocci-132_00248_fol-118r.jpg,ιν τνακήζίαίαὶ τὴν καρείαμ μον ἐε τρα ζτωαιμες τ
106 Bodleian-Library-MS-Barocci-132_00248_fol-118r.jpg,εικεταωδεσ τή σαρασου τυχαγωίίας τύχειν ὁδνώμενος γαρ
106 Bodleian-Library-MS-Barocci-132_00248_fol-118r.jpg,εαι τή σσης ἐπικουρίας ἀπελαυσα τῶν πολεμιων ὑπερ τῦο
106 Bodleian-Library-MS-Barocci-132_00248_fol-118r.jpg,ἐγενόμην ἵς. αραή τήςαε μεό τιεγεζήθης ἐλγειεμοητιγριος
106 Bodleian-Library-MS-Barocci-132_00248_fol-118r.jpg,εχ οε ατιόγιροςωτιον εχθρόν εἰήσσης προνοίας μετασχει
106 Bodleian-Library-MS-Barocci-132_00248_fol-118r.jpg,ἐλπίσας οὐδζήμαρτον τῆς ἐλπίδος ἐγενου γὰροικ ποςδητος
106 Bodleian-Library-MS-Barocci-132_00248_fol-118r.jpg,"καὶ πύργος ισχυρος, διαγὰρ τήσσης κηδεμονίας τας τῶν ε"
106 Bodleian-Library-MS-Barocci-132_00248_fol-118r.jpg,σερ ὸν επιβουλας δια δρας τευξόμαι τῆς ἐπανόδουτ
106 Bodleian-Library-MS-Barocci-132_00248_fol-118r.jpg,γαροικῆωε τω κὴ ω ματιςο εις τὸναιώηας εἐκετγίας θη
106 Bodleian-Library-MS-Barocci-132_00248_fol-118r.jpg,ζομαιἐν τῆς κετιη τωητητερηξωηςουτ Ὁκὴνωμα τοῦ θυ
106 Bodleian-Library-MS-Barocci-132_00248_fol-118r.jpg,τὴν ιλήμονομαζεῖ ἐν εκεῖν η γαρ εσποιειτο τὴν προς αὐτοὺς ἐπι
106 Bodleian-Library-MS-Barocci-132_00248_fol-118r.jpg,φανείαν λεγεὶ τοιναω ότι τῆς ἐπανοδουτετυχηκως ἐνδελεχως
106 Bodleian-Library-MS-Barocci-132_00248_fol-118r.jpg,"λοιπον τῶσω προς εδρευωναω, καὶ τή σαρασου ους προνοι"
106 Bodleian-Library-MS-Barocci-132_00248_fol-118r.jpg,ας ἀπολαυσω πτερ υγας γὰρ τὴν τοῦ θυ κη δεμο τκ κο ταχρληω
106 Bodleian-Library-MS-Barocci-132_00248_fol-118r.jpg,νιαν καλει τόδὲ εἰς τουὺς ἀίωνας ἀντὶτοῦ διὴνε το ισακατς
106 Bodleian-Library-MS-Barocci-132_00248_fol-118r.jpg,κῶς τεθείκεντ ὅτιεύδθεειεηκονεας τάν ευάσκβόγ
106 Bodleian-Library-MS-Barocci-132_00248_fol-118r.jpg,εδωκαὶ κληὴροομιαντοιεφοβουμένοις τὸ ιουταξογτ
106 Bodleian-Library-MS-Barocci-132_00248_fol-118r.jpg,γιμνῷ δεσστε δια παντος σστειδητας ἐμας δεξαμενοςικετείας
106 Bodleian-Library-MS-Barocci-132_00248_fol-118r.jpg,τὴν ἐπαγγελθείσαν τοι σπροσγονοις ἡμῶν κληρονομίαν ἡμιν
106 Bodleian-Library-MS-Barocci-132_00248_fol-118r.jpg,υτοῖς ἐκείνων εγγήνοις ἀπεδωκας ταῦτα δελεγουσινευθηυς ατ
107 Bodleian-Library-MS-Barocci-184_00040_fol-20r.jpg,παυλοσλεγων χε ημας εξηγορασεν εκ τῆς
107 Bodleian-Library-MS-Barocci-184_00040_fol-20r.jpg,καταρας τοῦ νομου γενομενος υπερημῶν κα
107 Bodleian-Library-MS-Barocci-184_00040_fol-20r.jpg,ταρα ειτοινην αυτοςθες ων ι της ουσιας εκει
107 Bodleian-Library-MS-Barocci-184_00040_fol-20r.jpg,ης της απορρη του τυγχανων δια φιλανιαν
107 Bodleian-Library-MS-Barocci-184_00040_fol-20r.jpg,αφατον ταυτα απαντα κατεδεξατο διημας
107 Bodleian-Library-MS-Barocci-184_00040_fol-20r.jpg,την σφιαν την ημετεραν τι ουκαν ειημεναυ
107 Bodleian-Library-MS-Barocci-184_00040_fol-20r.jpg,τοι δικαιον περι τους ομογενεις επιδειξασθαι
107 Bodleian-Library-MS-Barocci-184_00040_fol-20r.jpg,ταμελητα ημετερα ωστεκαι της φαρυγγος
107 Bodleian-Library-MS-Barocci-184_00040_fol-20r.jpg,αυτος εξαρ πασαι του διαβόλου και προς την
107 Bodleian-Library-MS-Barocci-184_00040_fol-20r.jpg,της αρετης όδινχειραγωμισαι όσω γαρψυχι
107 Bodleian-Library-MS-Barocci-184_00040_fol-20r.jpg,σωματος κρειτγων τοσουτον των χρημασι βοη
107 Bodleian-Library-MS-Barocci-184_00040_fol-20r.jpg,θουντων τοις δεομενοις ουτωμει ναναφι
107 Bodleian-Library-MS-Barocci-184_00040_fol-20r.jpg,οανται των αμοιμων οιδια της παρινεσε
107 Bodleian-Library-MS-Barocci-184_00040_fol-20r.jpg,ωσκαι της συνεχους διδασκαλιας τους βα
107 Bodleian-Library-MS-Barocci-184_00040_fol-20r.jpg,θυθφυς και αναπεπτωκοτας εν αγοντες επι
107 Bodleian-Library-MS-Barocci-184_00040_fol-20r.jpg,τηνευθειαν όδον και δειηναντες της μενκα
107 Bodleian-Library-MS-Barocci-184_00040_fol-20r.jpg,κι ας τοδυσοδες τησδεκαταθναρετης την
107 Bodleian-Library-MS-Barocci-184_00040_fol-20r.jpg,πολλην ευμορφιαν ταυτα τοῖνην απαντα
107 Bodleian-Library-MS-Barocci-184_00040_fol-20r.jpg,ιδοτες προτων αλλων απαντων των κιω τι
107 Bodleian-Library-MS-Barocci-184_00040_fol-20r.jpg,κῶν περιτης κατα ψυχην σριας διαλεγομε
107 Bodleian-Library-MS-Barocci-184_00040_fol-20r.jpg,θα τοις πλησιον εις ταυτην αυτοὺς εναγιντες
107 Bodleian-Library-MS-Barocci-184_00040_fol-20r.jpg,την μεριμναν αγαπητον γαρ αγαπητον συ
107 Bodleian-Library-MS-Barocci-184_00040_fol-20r.jpg,εχως ταυτα ενηχουμενην ψυχην δυν ηθη
107 Bodleian-Library-MS-Barocci-184_00040_fol-20r.jpg,αι ανεν εγκειν εκ τῆς αλω σσου των κακων
107 Bodleian-Library-MS-Barocci-184_00040_fol-20r.jpg,των εντωμεσωστρεφομενων και περιγενεσθαι
107 Bodleian-Library-MS-Barocci-184_00040_fol-20r.jpg,της των παθων επαναστασεος απερδι
107 Bodleian-Library-MS-Barocci-184_00040_fol-20r.jpg,ην εκως πολιορκειτην ημετεραν ψυχην οῳδια
107 Bodleian-Library-MS-Barocci-184_00040_fol-20r.jpg,τουτοχρεία κμειν πολλης της αγρυπνιας
107 Bodleian-Library-MS-Barocci-184_00040_fol-20r.jpg,επειδη και διην εκης ημιν εστιν οπολεμοσς
10th Bodleian-Library-MS-Barocci-184_00625_fol-312r,καλωςόψωμεθα ότι ουδε προς το πολλωστον μερος
10th Bodleian-Library-MS-Barocci-184_00625_fol-312r,των παρα τουθυ εις ημας υπηργμενων εισηνεγκα
10th Bodleian-Library-MS-Barocci-184_00625_fol-312r,μεν και γαρ εκαστος τωφν αγιων εντευθἐεν ευδοκιμη
10th Bodleian-Library-MS-Barocci-184_00625_fol-312r,σεν και ινα μαθης ακουε του της οικουμενης
10th Bodleian-Library-MS-Barocci-184_00625_fol-312r,διδασκαλο τνης ουν ομηκης εκειυης ψυχης πως
10th Bodleian-Library-MS-Barocci-184_00625_fol-312r,ομετα τοσαυτα καταρθωματα μετα το σαυτη  ν
10th Bodleian-Library-MS-Barocci-184_00625_fol-312r,νωρθν μαρτυειαν σκευος γαρ φησιν εκλογης εστιν
10th Bodleian-Library-MS-Barocci-184_00625_fol-312r,μοι ουτος ουκ επιλανθαεετοι των αικειων πλημμν
10th Bodleian-Library-MS-Barocci-184_00625_fol-312r,λαματων αλλ αμφοην ταυτι περιστρεφει και
10th Bodleian-Library-MS-Barocci-184_00625_fol-312r,υπερ ων πεπληροφορητο ότι την συγχω
10th Bodleian-Library-MS-Barocci-184_00625_fol-312r,εδεξατο δια του βαπτισματος ουδε τουτων
10th Bodleian-Library-MS-Barocci-184_00625_fol-312r,επιΚλαθεσῇθαι ανεχεται αλλα και βοα και λεγει βότι
10th Bodleian-Library-MS-Barocci-184_00625_fol-312r,τελειοτερων ελαχιστος ειμι των αποστολων και ουκ ειμι ικανος
10th Bodleian-Library-MS-Barocci-184_00625_fol-312r,καλεισθατ αποσοολτς ειτα ινα ιην υπερβολην
10th Bodleian-Library-MS-Barocci-184_00625_fol-312r,αυτου της ταπεινοφροσυνης
10th Bodleian-Library-MS-Barocci-184_00625_fol-312r,προσεθηκεν διότι εδιωξα την εκκλησιαν του θυ μνηστευομενου
10th Bodleian-Library-MS-Barocci-184_00625_fol-312r,τι ποιεις ω παυλε ο δεσποτης δια την οικειαν δυναμένων
10th Bodleian-Library-MS-Barocci-184_00625_fol-312r,φιλοτιμιαν συνεχωρησεν και απηλειψε δόμουςἀλλ᾽ παντα
10th Bodleian-Library-MS-Barocci-184_00625_fol-312r,τα ηεαρτημενα και συ ταυτα στραφεις και
10th Bodleian-Library-MS-Barocci-184_00625_fol-312r,οιδα φησιν και ουκ αγνοω του δεοπστου του εμου την
10th Bodleian-Library-MS-Barocci-184_00625_fol-312r,λυσιν αλλ όταν εννοησω τα εμοι ειργασμενα και
10th Bodleian-Library-MS-Barocci-184_00625_fol-312r,ἐπιβουλὰς ιδω το πελαγος της του θυ φιλανιας τοτε
10th Bodleian-Library-MS-Barocci-184_00625_fol-312r,μανθανω καλως ότι χαριτι αυτου και φιλανια
10th Bodleian-Library-MS-Barocci-184_00625_fol-312r,ειμι ο ειμι ειπων γαρ ότι ουκ ειμι ικανος καλεισθαι
10th Bodleian-Library-MS-Barocci-184_00625_fol-312r,οἴσουσ᾽ αποστολος διότι εδιωξα την εκκλησιαν του θυ επη
10th Bodleian-Library-MS-Barocci-184_00625_fol-312r,γαγενχαριτι δε θυ ειμι ο ουκ ειμι εγω μεν φησιν
10th Bodleian-Library-MS-Barocci-184_00625_fol-312r,τοσαυτην επεδειξα την μανιαν παραλαβουσα η δε αφατος
10th Bodleian-Library-MS-Barocci-184_00625_fol-312r,αυτου αγπαθοτης και χαρις την συγχωάρησιν εχαρισςατο
10th Bodleian-Library-MS-Barocci-184_00625_fol-312r,ειδες ψυχην συντετριμμενην και των προ βα
11th Bodleian-Library-MS-Barocci-102_00403_fol-198r,αιν τους μηδους οιτινες ουτἅε α᾿ργυἰρτω παρα
11th Bodleian-Library-MS-Barocci-102_00403_fol-198r,πειθησονται ουτε χρυσδω ουδε ιυνησεσθε
11th Bodleian-Library-MS-Barocci-102_00403_fol-198r,υμεις οιβαβυλωνιοι τη περιουσια του πλουτου
11th Bodleian-Library-MS-Barocci-102_00403_fol-198r,εξωνηηασθαι παρ αυτων το μσδεν παθειν ουδε
11th Bodleian-Library-MS-Barocci-102_00403_fol-198r,γαρ εισιὲν επτοημενοι περιζ χρηματα τλω και αυ
11th Bodleian-Library-MS-Barocci-102_00403_fol-198r,τοι υπερπλουτειν διοπερ ουδεεν τοις πολε
11th Bodleian-Library-MS-Barocci-102_00403_fol-198r,μοέὣιἙς περισπωνται υπο της νυκροσυλιας ου
11th Bodleian-Library-MS-Barocci-102_00403_fol-198r,δεασχολουνται την βιαν και το λαμβα
11th Bodleian-Library-MS-Barocci-102_00403_fol-198r,νειν οἰκείαν παρα των εαλωκότων αγεννες οιονται αλ
11th Bodleian-Library-MS-Barocci-102_00403_fol-198r,λατηντοξειαν των παρ υμιν νεανισκων συντρι
11th Bodleian-Library-MS-Barocci-102_00403_fol-198r,και ουδενα οικτον ουδε φειδω ποιησαντο
11th Bodleian-Library-MS-Barocci-102_00403_fol-198r,τωννηπιων το δε μηδων ονομα μεταλαμβανο
11th Bodleian-Library-MS-Barocci-102_00403_fol-198r,μενον σημαινειαπό ικανου ουκ ουν ο ικανος
11th Bodleian-Library-MS-Barocci-102_00403_fol-198r,εν πασι καιυδ νατος επαγειν τα προς εξιαν ουτ
11th Bodleian-Library-MS-Barocci-102_00403_fol-198r,κινει ὃτουςὲ μηδους η ταχα επεὁιδη ομαδαει
11th Bodleian-Library-MS-Barocci-102_00403_fol-198r,"βίονὤμοι, κτιστης εστι της μηδειας ερμηνευεται δε ουτος"
11th Bodleian-Library-MS-Barocci-102_00403_fol-198r,μετρησις λεγοιντο αν οι μηδοι επαγεσθαι εις
11th Bodleian-Library-MS-Barocci-102_00403_fol-198r,το κδλαζειν εν μετρω τους βεβιωκοτας οιοτι
11th Bodleian-Library-MS-Barocci-102_00403_fol-198r,ω μετρω εκασττς ημωνομεμετρηκεν η οι εν τω
11th Bodleian-Library-MS-Barocci-102_00403_fol-198r,κατορθουνη εν τω αμαρτανειν εν τουτω η τα
11th Bodleian-Library-MS-Barocci-102_00403_fol-198r,της αμοιβης η τα της κολασεως αποληψεται ποιεῖσθαι
11th Bodleian-Library-MS-Barocci-102_00403_fol-198r,τοιουτοι δε οι μηΔδοι ουκ ελεχησουσΛι τα τεκνα
11th Bodleian-Library-MS-Barocci-102_00403_fol-198r,των βαβυλωνιων ουδε περιποιησασθαι
11th Bodleian-Library-MS-Barocci-102_00403_fol-198r,δεχονται δε τεκνα τους καρπους και τα
11th Bodleian-Library-MS-Barocci-102_00403_fol-198r,γεννηματατης των βαβυλωνιων ψυχης νυν φη
11th Bodleian-Library-MS-Barocci-102_00403_fol-198r,η γραφη νομιζω ειναι και τὰ τοῦ
11th Bodleian-Library-MS-Barocci-102_00403_fol-198r,μακαριζομενου παρα τω ψαλμόω τεκνα ενϊωὺ η
11th Bodleian-Library-MS-Barocci-102_00403_fol-198r,μεν γυνη ησοφια εστιν ην τινα εκζητησας
11th Bodleian-Library-MS-Barocci-102_00403_fol-198r,νυμφην ηγαγετο και συνοικον ο δικαιος ο
12th Bodleian-Library-MS-Barocci-132_00631_fol-308r,ἐπεσον· βασιλεῖ φθαρτω τὴν πίστιν φυλασσοντες Μὴ ἡμεις δε
12th Bodleian-Library-MS-Barocci-132_00631_fol-308r,"ὑπερ τῆς εἰς τον ἀλήθινον βασιλεα πίστεως, τὴν ἀδικήσας, ζωὴν ταῦ"
12th Bodleian-Library-MS-Barocci-132_00631_fol-308r,τὴν οὐ προησόἰμεθα πόσοιὩ τὸν τῶν κακουργων ὑπέστηςανϊ
12th Bodleian-Library-MS-Barocci-132_00631_fol-308r,θάνατον ἀλόντες ἐπ αδικήμασιν· ἡμεῖς ὑπερ δικαιοσυ
12th Bodleian-Library-MS-Barocci-132_00631_fol-308r,νης τὸν θάνατον ουχ υποισομεν· μὴ δεκινουμενον εκκλίνωμενῳ συ
12th Bodleian-Library-MS-Barocci-132_00631_fol-308r,"στρατιώται· μη δωμεν νῶτα διαβόλω, σάρκες εἰσι, μὴ"
12th Bodleian-Library-MS-Barocci-132_00631_fol-308r,φεισώμεθα επειδὴ εθῖ πάντως ἀποθανεῖν ἀποδά
12th Bodleian-Library-MS-Barocci-132_00631_fol-308r,"ωμὲν ινα ζήσωμεν, γενεσθω η θυσία ἐνώπιον σου"
12th Bodleian-Library-MS-Barocci-132_00631_fol-308r,κε και προσδεχθείημὲν ὡς θυσία ζῶσα ευάρεστός σοι
12th Bodleian-Library-MS-Barocci-132_00631_fol-308r,βρυεὶῒ τουτω ὁλοκαυτοτύμεν;οι καλὴ ἡ προσφορὰ καινον
12th Bodleian-Library-MS-Barocci-132_00631_fol-308r,"τὸ ὅλοκαυτωμα. οὐ δια πυρὸς, ἀλλὰ δακρύοἘυἃς ὁλοικαρ"
12th Bodleian-Library-MS-Barocci-132_00631_fol-308r,πουμένον. Τούτοὺς τοὺς παρακλητικους ἐνδιδοντες ἀ καιρὸν
12th Bodleian-Library-MS-Barocci-132_00631_fol-308r,"λλήλοις και ἀλλὸς ἀλλω εγκεὶευόμενοι, ωσλερ τινα προ"
12th Bodleian-Library-MS-Barocci-132_00631_fol-308r,"φυλάκην ον πολεμω πληροῦντες, τὴν νύκτα παρεπεμ"
12th Bodleian-Library-MS-Barocci-132_00631_fol-308r,"πονί φέροντες τὰ παροντα γεννα,ως, χαίροντες τοῖς ἐλ"
12th Bodleian-Library-MS-Barocci-132_00631_fol-308r,πιζομένοις καταγέλῶντες τοῦ ἀντὶπαλου μια δὲ ην ὑψηλοῖςθεωρήμασι
12th Bodleian-Library-MS-Barocci-132_00631_fol-308r,πάντων εὐχη τεσσαράκοντα σταγὼν εἰσηλθομεν εἰς το στάδιον· Οἴ τε
12th Bodleian-Library-MS-Barocci-132_00631_fol-308r,σαράκονταστεφανωθείη μὲν δέσποτα· μη λείψη τῷ ἀριθ
12th Bodleian-Library-MS-Barocci-132_00631_fol-308r,"ῷ μηδὲ εἰς, τίμιος ἐστιν δύναμίν ὸν, ετιμήσας τῆν ηστείᾳ, τῶν τεσ"
12th Bodleian-Library-MS-Barocci-132_00631_fol-308r,"σαράκοντα ἡμέκῶν, δι οῦ νομοθεσίᾳ εἰσηλθεν εἰςρ όν τοσ"
12th Bodleian-Library-MS-Barocci-132_00631_fol-308r,τεσσαράκοντα ἡμέραις ἐν νηστεία ἡλίας ἐκζητῆς
12th Bodleian-Library-MS-Barocci-132_00631_fol-308r,τον ὴν τῆς θεας Ἔετυχεν καί ἡ μεν ἐκείνων εὐχη τοιὔαὐ·τη
12th Bodleian-Library-MS-Barocci-132_00631_fol-308r,ιςδὲ τοῦ ἀριθμου ὁ κλάσας προς τα δεῖνα λειποτακτήσας
12th Bodleian-Library-MS-Barocci-132_00631_fol-308r,ώχετο ἀπαραμύθητον τοις αγίοις καταλιπ
12th Bodleian-Library-MS-Barocci-132_00631_fol-308r,ἀλλ ου σὰρ ἀφήκεν αὐτῶν ἀγελεῖς γενεεθαι τας δεήστις ο ης
12th Bodleian-Library-MS-Barocci-132_00631_fol-308r,ὁ γὰρ τὴν φυλακὴν τῶν μαρτύρωνπεπιστευμένος. ἐγγύθεν
12th Bodleian-Library-MS-Barocci-132_00631_fol-308r,ἀπό τιϊνος γυμνασίουι διαθαλπόμενοςζ ἀπεσκόπειτο
12th Bodleian-Library-MS-Barocci-132_00631_fol-308r,μέλλον ετοιμος προσδεχεσθαι τῶν στρατιωτων τους
12th Bodleian-Library-MS-Barocci-132_00631_fol-308r,φευγοντας καὶ γαρ αὐ καὶ τοῦτο εγγύθεν λουτρόν
12th Bodleian-Library-MS-Barocci-132_00631_fol-308r,ἐπενοήθη· τὴν βοηθείαν τοῖς μετα βαλλομενοις ἐ
12th Bodleian-Library-MS-Barocci-132_00631_fol-308r,παγγελόμένον· μεντοι τοῖς ἐναντίοις κακούργως
13th Bodleian-Library-MS-Barocci-31_00745_fol-369r,εις την καρδιαν ιουδα σιμωνος
13th Bodleian-Library-MS-Barocci-31_00745_fol-369r,ισκαριὀωτοΞυ ἵνα παὐτὸν παρ
13th Bodleian-Library-MS-Barocci-31_00745_fol-369r,αω. Ἀρδειδως ος ότι πιν
13th Bodleian-Library-MS-Barocci-31_00745_fol-369r,τα δεδωκε αὐτῷ ἰο ἷζπηρ εἰς τ
13th Bodleian-Library-MS-Barocci-31_00745_fol-369r,"χειρας, καὶ ὅτύι ἀπο θῦ ἐξγηὭλ"
13th Bodleian-Library-MS-Barocci-31_00745_fol-369r,υε και προς τον θὶ νπαγει
13th Bodleian-Library-MS-Barocci-31_00745_fol-369r,ἐὖγειρεται εκ τοῦ ώδειδπνου και
13th Bodleian-Library-MS-Barocci-31_00745_fol-369r,τιθησι τα ιίμαἔτια καὶ λαβ
13th Bodleian-Library-MS-Barocci-31_00745_fol-369r,λεντιον διεζωσενε αυτόν
13th Bodleian-Library-MS-Barocci-31_00745_fol-369r,ειταρβαλλει υδων εις τὸ  νιπτ
13th Bodleian-Library-MS-Barocci-31_00745_fol-369r,"ρα,καὶ ἠρξατο νιπτει τοὺς"
13th Bodleian-Library-MS-Barocci-31_00745_fol-369r,"ποδας των μαθητων και εκ ἀπολαύουσι,"
13th Bodleian-Library-MS-Barocci-31_00745_fol-369r,ασσειν τωλεντιω ω ηνδιε
13th Bodleian-Library-MS-Barocci-31_00745_fol-369r,ζωσμενος ερχεταιουν προς
13th Bodleian-Library-MS-Barocci-31_00745_fol-369r,σιμωνα καὶ λεγει αυτ
13th Bodleian-Library-MS-Barocci-31_00745_fol-369r,ὀρῶν ἐκεῖνος κε συ μου νιπτεις τους
13th Bodleian-Library-MS-Barocci-31_00745_fol-369r,ποδας αυτωνεπειδη απεκριθη ις και
13th Bodleian-Library-MS-Barocci-31_00745_fol-369r,ειπεναυτῷ ο εγω ποιω συ
13th Bodleian-Library-MS-Barocci-31_00745_fol-369r,κ οιδας ἀρτι γνωσει ζωῆς.Οὐνόν
13th Bodleian-Library-MS-Barocci-31_00745_fol-369r,τα λὤεὑγεάι αυτω
14th Bodleian-Library-MS-Barocci-127_00011_fol-4r,ΤάΩλαντα τ᾽ ἀνδρῶῄν οὐκ εδεδοίκεις Ἰτὸν θε
14th Bodleian-Library-MS-Barocci-127_00011_fol-4r,Κα νη τους θεοὺς ἔγωγε μηφθασει ἐμε
14th Bodleian-Library-MS-Barocci-127_00011_fol-4r,επι τὴν χυτρανἐλθῶν ἔχωντα στέμματα
14th Bodleian-Library-MS-Barocci-127_00011_fol-4r,ὁ γαρ ἱερεὺς αὐτοῦ μἐ προυδιδάξατο κωδωνας
14th Bodleian-Library-MS-Barocci-127_00011_fol-4r,τὸ γραίδιον δὲ ὡς ἡσθετο δή μου τον
14th Bodleian-Library-MS-Barocci-127_00011_fol-4r,"τη χειρ ,υφήρει, κατα συριξξας ἐγω"
14th Bodleian-Library-MS-Barocci-127_00011_fol-4r,"ελαβόμην, ὡς παρείας ὢν ὁφισ"
14th Bodleian-Library-MS-Barocci-127_00011_fol-4r,ἢ δ εύθεως τὴν χειρα παλιν ανεσπασε μὴ
14th Bodleian-Library-MS-Barocci-127_00011_fol-4r,πκἶατέκειτο δ᾽ αυτην ἐντυλίξασ ήῃσυχη
14th Bodleian-Library-MS-Barocci-127_00011_fol-4r,ὑἄπο τοΖῦ δἕέους βδέους δριμυτερον γαλης
14th Bodleian-Library-MS-Barocci-127_00011_fol-4r,κἀ γὼ τότ ηδη τῆς αθάρης πολλὴν εφλων
14th Bodleian-Library-MS-Barocci-127_00011_fol-4r, επειτ᾽ ἐπνειδή μεστος ην αὣνἀεπαυόμην
14th Bodleian-Library-MS-Barocci-127_00011_fol-4r,"ὁ δε θεος ὑμιν οὐ προσηειν, κοὐδέπω"
14th Bodleian-Library-MS-Barocci-127_00011_fol-4r,μετα τοῦτοδ ηδη κ γελοιον δητά τι
14th Bodleian-Library-MS-Barocci-127_00011_fol-4r,"εποίησαπροσιόντος γαρ αὐτοῦ, μεγα πανυ"
14th Bodleian-Library-MS-Barocci-127_00011_fol-4r,ἀπεπαρδον ἤ γαστὴρ γάρεπεφυσητο μου
14th Bodleian-Library-MS-Barocci-127_00011_fol-4r,ἢἦθ που σε διαὓ τοῦτ ευθυς ἐβδελύττετο
14th Bodleian-Library-MS-Barocci-127_00011_fol-4r,οὐκ ἀλλ᾽ ίασω μέν ἀκολουθους αμα
14th Bodleian-Library-MS-Barocci-127_00011_fol-4r,ὑπηρυθρίασε χ η πανακει μου. απεστράφη
15th Bodleian-Library-MS-Barocci-59_00006_fol-7v,κλὶ πάσα ενέργεια τῷ και αὐτην αογω φυσικῶς
15th Bodleian-Library-MS-Barocci-59_00006_fol-7v,"περιγραφόμενη, τέλος τῆς προ αυτῆς κατ"
15th Bodleian-Library-MS-Barocci-59_00006_fol-7v,δπινοιαε ουσιώνους κινησεως Ὁυκ ε
15th Bodleian-Library-MS-Barocci-59_00006_fol-7v,στιν ὁ Θς οὐσι κατά την ἀπλὡς ή πῶς λέγομενην τα ορωμενα
15th Bodleian-Library-MS-Barocci-59_00006_fol-7v,πρὸς ουσιαν ἵνα κ ἀρχί οὐτε δυναμις κατα
15th Bodleian-Library-MS-Barocci-59_00006_fol-7v,"τὴν ἁπλῶς ή πως λέγομενην δυναμιν ἵνα κατθάνῃς, καί"
15th Bodleian-Library-MS-Barocci-59_00006_fol-7v,μέσοτης ουτε ενεργεια κατά την άπλως
15th Bodleian-Library-MS-Barocci-59_00006_fol-7v,"ἢ πῶς λεγομενην αρσεν ἐνεργειαν, ἵνα καὶ τελος εστί"
15th Bodleian-Library-MS-Barocci-59_00006_fol-7v,τῆς κατά δυναμιν προεπινοουμένης οὐσι εδιδασκε
15th Bodleian-Library-MS-Barocci-59_00006_fol-7v,ώδουςί κίνησεως α αλλ ουσιοποιος ὑπε.ροῦ
15th Bodleian-Library-MS-Barocci-59_00006_fol-7v,σιος οντοτης τούτοισιν; καὶ δυναμοποιος καί ὑπερδυ
15th Bodleian-Library-MS-Barocci-59_00006_fol-7v,"ναμοςἰδρυσις, καὶ πάσης ἐνεργείας δρα"
15th Bodleian-Library-MS-Barocci-59_00006_fol-7v,"στικῆ κ ἀτελεύτητος εξις, καὶ ς"
15th Bodleian-Library-MS-Barocci-59_00006_fol-7v,εαπειν πασης ουσίας κιίςδυναμεω  ἐνερ
15th Bodleian-Library-MS-Barocci-59_00006_fol-7v,γειας αρχής τε κ μεσοτητος καὶ τἣ έλους ποιητικη
15th Bodleian-Library-MS-Barocci-59_00006_fol-7v,η ἀρχῆ κ μεσοτης και νῦνκοὐκ το τελος τῶν χρό
15th Bodleian-Library-MS-Barocci-59_00006_fol-7v,νω Ξανθία. διαιρετῶν εισι γνωρίσματα. ειποι δ
15th Bodleian-Library-MS-Barocci-59_00006_fol-7v,αν τις αλκηθεύων καὶ τῶνΒἢ εν αἰῶνι συνορ
15th Bodleian-Library-MS-Barocci-59_00006_fol-7v,ωμενων ο μέν αὐτοῖς γὰρ χρόνος μετρουμενην ἔχων την
15th Bodleian-Library-MS-Barocci-59_00006_fol-7v,ἐκείνου κίνησιν ἀριθμω περιγραφεται. ὁ αι
15th Bodleian-Library-MS-Barocci-59_00006_fol-7v,ῶᾦν δὲ συνεπινοουμενην ὃἔχων τῆ ὑπαἙρξει
16th Bodleian-Library-MS-Barocci-37_00013_fol-4r,"Ἕκτωρ τ᾽ ἀδελφὸς οὑμὸς εὐτύχει δορί, μεταβολὴν"
16th Bodleian-Library-MS-Barocci-37_00013_fol-4r,καλῶς παρ᾽ ἀῃδρὶ Θρκνὶ πατρῴῳ ξένῳ
16th Bodleian-Library-MS-Barocci-37_00013_fol-4r,τροφαῖσιν ὥς τιςπτόρθος ηὐξόμην τάλας·
16th Bodleian-Library-MS-Barocci-37_00013_fol-4r,ἐπεὶ Τροία θ᾽ Ἕκτορός τ᾽ ἀπώλετο
16th Bodleian-Library-MS-Barocci-37_00013_fol-4r,ψυχὴ πακρῴα θ᾽ κστία ἑατεστάφη
16th Bodleian-Library-MS-Barocci-37_00013_fol-4r,τε βωμῷ πρὸς θεοδμήτῳ πίτνει
16th Bodleian-Library-MS-Barocci-37_00013_fol-4r,"σφαγεὶς Ἀχιλλέως παὺιδὸς ἐἴἥκ μιαιφόνου,"
16th Bodleian-Library-MS-Barocci-37_00013_fol-4r,κτείνει ωε χρυμοῦ τὸν ταλαίσπρον χάριν
16th Bodleian-Library-MS-Barocci-37_00013_fol-4r,ξένος πατρῷος καὶνκτα ὼ  ἐςνοἶδμ᾽ ἁλλὸς
